Syllables	Mnemonic	Keyboard	Pianoroll	TypeAndQuality	KeyboardColoured	PianorollColoured
KuMaGu		<img src="K-KuMaGu-major-root-keyboard-2.png">	<img src="K-KuMaGu-major-root-pianoroll-2.png">	major root	<img src="K-KuMaGu-major-root-keyboard-coloured-2.png">	<img src="K-KuMaGu-major-root-pianoroll-coloured-2.png">
KuNiGu	Книгу и Куни	<img src="K-KuNiGu-minor-root-keyboard-2.png">	<img src="K-KuNiGu-minor-root-pianoroll-2.png">	minor root	<img src="K-KuNiGu-minor-root-keyboard-coloured-2.png">	<img src="K-KuNiGu-minor-root-pianoroll-coloured-2.png">
KuMaRu		<img src="K-KuMaRu-augmented-root-keyboard-2.png">	<img src="K-KuMaRu-augmented-root-pianoroll-2.png">	augmented root	<img src="K-KuMaRu-augmented-root-keyboard-coloured-2.png">	<img src="K-KuMaRu-augmented-root-pianoroll-coloured-2.png">
KuNiJya		<img src="K-KuNiJya-diminished-root-keyboard-2.png">	<img src="K-KuNiJya-diminished-root-pianoroll-2.png">	diminished root	<img src="K-KuNiJya-diminished-root-keyboard-coloured-2.png">	<img src="K-KuNiJya-diminished-root-pianoroll-coloured-2.png">
MoGyKu		<img src="K-MoGyKu-major-first inversion-keyboard-2.png">	<img src="K-MoGyKu-major-first inversion-pianoroll-2.png">	major first inversion	<img src="K-MoGyKu-major-first inversion-keyboard-coloured-2.png">	<img src="K-MoGyKu-major-first inversion-pianoroll-coloured-2.png">
NeGyKu		<img src="K-NeGyKu-minor-first inversion-keyboard-2.png">	<img src="K-NeGyKu-minor-first inversion-pianoroll-2.png">	minor first inversion	<img src="K-NeGyKu-minor-first inversion-keyboard-coloured-2.png">	<img src="K-NeGyKu-minor-first inversion-pianoroll-coloured-2.png">
MoRyKu		<img src="K-MoRyKu-augmented-first inversion-keyboard-2.png">	<img src="K-MoRyKu-augmented-first inversion-pianoroll-2.png">	augmented first inversion	<img src="K-MoRyKu-augmented-first inversion-keyboard-coloured-2.png">	<img src="K-MoRyKu-augmented-first inversion-pianoroll-coloured-2.png">
NeJyoKu		<img src="K-NeJyoKu-diminished-first inversion-keyboard-2.png">	<img src="K-NeJyoKu-diminished-first inversion-pianoroll-2.png">	diminished first inversion	<img src="K-NeJyoKu-diminished-first inversion-keyboard-coloured-2.png">	<img src="K-NeJyoKu-diminished-first inversion-pianoroll-coloured-2.png">
GyKuMa		<img src="K-GyKuMa-major-second inversion-keyboard-2.png">	<img src="K-GyKuMa-major-second inversion-pianoroll-2.png">	major second inversion	<img src="K-GyKuMa-major-second inversion-keyboard-coloured-2.png">	<img src="K-GyKuMa-major-second inversion-pianoroll-coloured-2.png">
GyKuNi		<img src="K-GyKuNi-minor-second inversion-keyboard-2.png">	<img src="K-GyKuNi-minor-second inversion-pianoroll-2.png">	minor second inversion	<img src="K-GyKuNi-minor-second inversion-keyboard-coloured-2.png">	<img src="K-GyKuNi-minor-second inversion-pianoroll-coloured-2.png">
RyKuMa		<img src="K-RyKuMa-augmented-second inversion-keyboard-2.png">	<img src="K-RyKuMa-augmented-second inversion-pianoroll-2.png">	augmented second inversion	<img src="K-RyKuMa-augmented-second inversion-keyboard-coloured-2.png">	<img src="K-RyKuMa-augmented-second inversion-pianoroll-coloured-2.png">
JyoKuNi		<img src="K-JyoKuNi-diminished-second inversion-keyboard-2.png">	<img src="K-JyoKuNi-diminished-second inversion-pianoroll-2.png">	diminished second inversion	<img src="K-JyoKuNi-diminished-second inversion-keyboard-coloured-2.png">	<img src="K-JyoKuNi-diminished-second inversion-pianoroll-coloured-2.png">
TuFaRu	возьми ту фару автомобиля	<img src="T-TuFaRu-major-root-keyboard-2.png">	<img src="T-TuFaRu-major-root-pianoroll-2.png">	major root	<img src="T-TuFaRu-major-root-keyboard-coloured-2.png">	<img src="T-TuFaRu-major-root-pianoroll-coloured-2.png">
TuMiRu		<img src="T-TuMiRu-minor-root-keyboard-2.png">	<img src="T-TuMiRu-minor-root-pianoroll-2.png">	minor root	<img src="T-TuMiRu-minor-root-keyboard-coloured-2.png">	<img src="T-TuMiRu-minor-root-pianoroll-coloured-2.png">
TuFaLu		<img src="T-TuFaLu-augmented-root-keyboard-2.png">	<img src="T-TuFaLu-augmented-root-pianoroll-2.png">	augmented root	<img src="T-TuFaLu-augmented-root-keyboard-coloured-2.png">	<img src="T-TuFaLu-augmented-root-pianoroll-coloured-2.png">
TuMiGya		<img src="T-TuMiGya-diminished-root-keyboard-2.png">	<img src="T-TuMiGya-diminished-root-pianoroll-2.png">	diminished root	<img src="T-TuMiGya-diminished-root-keyboard-coloured-2.png">	<img src="T-TuMiGya-diminished-root-pianoroll-coloured-2.png">
FoRyTu		<img src="T-FoRyTu-major-first inversion-keyboard-2.png">	<img src="T-FoRyTu-major-first inversion-pianoroll-2.png">	major first inversion	<img src="T-FoRyTu-major-first inversion-keyboard-coloured-2.png">	<img src="T-FoRyTu-major-first inversion-pianoroll-coloured-2.png">
MeRyTu		<img src="T-MeRyTu-minor-first inversion-keyboard-2.png">	<img src="T-MeRyTu-minor-first inversion-pianoroll-2.png">	minor first inversion	<img src="T-MeRyTu-minor-first inversion-keyboard-coloured-2.png">	<img src="T-MeRyTu-minor-first inversion-pianoroll-coloured-2.png">
FoLyTu		<img src="T-FoLyTu-augmented-first inversion-keyboard-2.png">	<img src="T-FoLyTu-augmented-first inversion-pianoroll-2.png">	augmented first inversion	<img src="T-FoLyTu-augmented-first inversion-keyboard-coloured-2.png">	<img src="T-FoLyTu-augmented-first inversion-pianoroll-coloured-2.png">
MeGyoTu		<img src="T-MeGyoTu-diminished-first inversion-keyboard-2.png">	<img src="T-MeGyoTu-diminished-first inversion-pianoroll-2.png">	diminished first inversion	<img src="T-MeGyoTu-diminished-first inversion-keyboard-coloured-2.png">	<img src="T-MeGyoTu-diminished-first inversion-pianoroll-coloured-2.png">
RyTuFa		<img src="T-RyTuFa-major-second inversion-keyboard-2.png">	<img src="T-RyTuFa-major-second inversion-pianoroll-2.png">	major second inversion	<img src="T-RyTuFa-major-second inversion-keyboard-coloured-2.png">	<img src="T-RyTuFa-major-second inversion-pianoroll-coloured-2.png">
RyTuMi		<img src="T-RyTuMi-minor-second inversion-keyboard-2.png">	<img src="T-RyTuMi-minor-second inversion-pianoroll-2.png">	minor second inversion	<img src="T-RyTuMi-minor-second inversion-keyboard-coloured-2.png">	<img src="T-RyTuMi-minor-second inversion-pianoroll-coloured-2.png">
LyTuFa		<img src="T-LyTuFa-augmented-second inversion-keyboard-2.png">	<img src="T-LyTuFa-augmented-second inversion-pianoroll-2.png">	augmented second inversion	<img src="T-LyTuFa-augmented-second inversion-keyboard-coloured-2.png">	<img src="T-LyTuFa-augmented-second inversion-pianoroll-coloured-2.png">
GyoTuMi		<img src="T-GyoTuMi-diminished-second inversion-keyboard-2.png">	<img src="T-GyoTuMi-diminished-second inversion-pianoroll-2.png">	diminished second inversion	<img src="T-GyoTuMi-diminished-second inversion-keyboard-coloured-2.png">	<img src="T-GyoTuMi-diminished-second inversion-pianoroll-coloured-2.png">
DuJaLu		<img src="D-DuJaLu-major-root-keyboard-2.png">	<img src="D-DuJaLu-major-root-pianoroll-2.png">	major root	<img src="D-DuJaLu-major-root-keyboard-coloured-2.png">	<img src="D-DuJaLu-major-root-pianoroll-coloured-2.png">
DuFiLu		<img src="D-DuFiLu-minor-root-keyboard-2.png">	<img src="D-DuFiLu-minor-root-pianoroll-2.png">	minor root	<img src="D-DuFiLu-minor-root-keyboard-coloured-2.png">	<img src="D-DuFiLu-minor-root-pianoroll-coloured-2.png">
DuJaPu		<img src="D-DuJaPu-augmented-root-keyboard-2.png">	<img src="D-DuJaPu-augmented-root-pianoroll-2.png">	augmented root	<img src="D-DuJaPu-augmented-root-keyboard-coloured-2.png">	<img src="D-DuJaPu-augmented-root-pianoroll-coloured-2.png">
DuFiRya		<img src="D-DuFiRya-diminished-root-keyboard-2.png">	<img src="D-DuFiRya-diminished-root-pianoroll-2.png">	diminished root	<img src="D-DuFiRya-diminished-root-keyboard-coloured-2.png">	<img src="D-DuFiRya-diminished-root-pianoroll-coloured-2.png">
JoLyDu		<img src="D-JoLyDu-major-first inversion-keyboard-2.png">	<img src="D-JoLyDu-major-first inversion-pianoroll-2.png">	major first inversion	<img src="D-JoLyDu-major-first inversion-keyboard-coloured-2.png">	<img src="D-JoLyDu-major-first inversion-pianoroll-coloured-2.png">
FeLyDu		<img src="D-FeLyDu-minor-first inversion-keyboard-2.png">	<img src="D-FeLyDu-minor-first inversion-pianoroll-2.png">	minor first inversion	<img src="D-FeLyDu-minor-first inversion-keyboard-coloured-2.png">	<img src="D-FeLyDu-minor-first inversion-pianoroll-coloured-2.png">
JoPyDu		<img src="D-JoPyDu-augmented-first inversion-keyboard-2.png">	<img src="D-JoPyDu-augmented-first inversion-pianoroll-2.png">	augmented first inversion	<img src="D-JoPyDu-augmented-first inversion-keyboard-coloured-2.png">	<img src="D-JoPyDu-augmented-first inversion-pianoroll-coloured-2.png">
FeRyoDu		<img src="D-FeRyoDu-diminished-first inversion-keyboard-2.png">	<img src="D-FeRyoDu-diminished-first inversion-pianoroll-2.png">	diminished first inversion	<img src="D-FeRyoDu-diminished-first inversion-keyboard-coloured-2.png">	<img src="D-FeRyoDu-diminished-first inversion-pianoroll-coloured-2.png">
LyDuJa		<img src="D-LyDuJa-major-second inversion-keyboard-2.png">	<img src="D-LyDuJa-major-second inversion-pianoroll-2.png">	major second inversion	<img src="D-LyDuJa-major-second inversion-keyboard-coloured-2.png">	<img src="D-LyDuJa-major-second inversion-pianoroll-coloured-2.png">
LyDuFi		<img src="D-LyDuFi-minor-second inversion-keyboard-2.png">	<img src="D-LyDuFi-minor-second inversion-pianoroll-2.png">	minor second inversion	<img src="D-LyDuFi-minor-second inversion-keyboard-coloured-2.png">	<img src="D-LyDuFi-minor-second inversion-pianoroll-coloured-2.png">
PyDuJa		<img src="D-PyDuJa-augmented-second inversion-keyboard-2.png">	<img src="D-PyDuJa-augmented-second inversion-pianoroll-2.png">	augmented second inversion	<img src="D-PyDuJa-augmented-second inversion-keyboard-coloured-2.png">	<img src="D-PyDuJa-augmented-second inversion-pianoroll-coloured-2.png">
RyoDuFi		<img src="D-RyoDuFi-diminished-second inversion-keyboard-2.png">	<img src="D-RyoDuFi-diminished-second inversion-pianoroll-2.png">	diminished second inversion	<img src="D-RyoDuFi-diminished-second inversion-keyboard-coloured-2.png">	<img src="D-RyoDuFi-diminished-second inversion-pianoroll-coloured-2.png">
NuGaPu		<img src="N-NuGaPu-major-root-keyboard-2.png">	<img src="N-NuGaPu-major-root-pianoroll-2.png">	major root	<img src="N-NuGaPu-major-root-keyboard-coloured-2.png">	<img src="N-NuGaPu-major-root-pianoroll-coloured-2.png">
NuJiPu		<img src="N-NuJiPu-minor-root-keyboard-2.png">	<img src="N-NuJiPu-minor-root-pianoroll-2.png">	minor root	<img src="N-NuJiPu-minor-root-keyboard-coloured-2.png">	<img src="N-NuJiPu-minor-root-pianoroll-coloured-2.png">
NuGaBu		<img src="N-NuGaBu-augmented-root-keyboard-2.png">	<img src="N-NuGaBu-augmented-root-pianoroll-2.png">	augmented root	<img src="N-NuGaBu-augmented-root-keyboard-coloured-2.png">	<img src="N-NuGaBu-augmented-root-pianoroll-coloured-2.png">
NuJiLya		<img src="N-NuJiLya-diminished-root-keyboard-2.png">	<img src="N-NuJiLya-diminished-root-pianoroll-2.png">	diminished root	<img src="N-NuJiLya-diminished-root-keyboard-coloured-2.png">	<img src="N-NuJiLya-diminished-root-pianoroll-coloured-2.png">
GoPyNu		<img src="N-GoPyNu-major-first inversion-keyboard-2.png">	<img src="N-GoPyNu-major-first inversion-pianoroll-2.png">	major first inversion	<img src="N-GoPyNu-major-first inversion-keyboard-coloured-2.png">	<img src="N-GoPyNu-major-first inversion-pianoroll-coloured-2.png">
JePyNu		<img src="N-JePyNu-minor-first inversion-keyboard-2.png">	<img src="N-JePyNu-minor-first inversion-pianoroll-2.png">	minor first inversion	<img src="N-JePyNu-minor-first inversion-keyboard-coloured-2.png">	<img src="N-JePyNu-minor-first inversion-pianoroll-coloured-2.png">
GoByNu		<img src="N-GoByNu-augmented-first inversion-keyboard-2.png">	<img src="N-GoByNu-augmented-first inversion-pianoroll-2.png">	augmented first inversion	<img src="N-GoByNu-augmented-first inversion-keyboard-coloured-2.png">	<img src="N-GoByNu-augmented-first inversion-pianoroll-coloured-2.png">
JeLyoNu		<img src="N-JeLyoNu-diminished-first inversion-keyboard-2.png">	<img src="N-JeLyoNu-diminished-first inversion-pianoroll-2.png">	diminished first inversion	<img src="N-JeLyoNu-diminished-first inversion-keyboard-coloured-2.png">	<img src="N-JeLyoNu-diminished-first inversion-pianoroll-coloured-2.png">
PyNuGa		<img src="N-PyNuGa-major-second inversion-keyboard-2.png">	<img src="N-PyNuGa-major-second inversion-pianoroll-2.png">	major second inversion	<img src="N-PyNuGa-major-second inversion-keyboard-coloured-2.png">	<img src="N-PyNuGa-major-second inversion-pianoroll-coloured-2.png">
PyNuJi		<img src="N-PyNuJi-minor-second inversion-keyboard-2.png">	<img src="N-PyNuJi-minor-second inversion-pianoroll-2.png">	minor second inversion	<img src="N-PyNuJi-minor-second inversion-keyboard-coloured-2.png">	<img src="N-PyNuJi-minor-second inversion-pianoroll-coloured-2.png">
ByNuGa		<img src="N-ByNuGa-augmented-second inversion-keyboard-2.png">	<img src="N-ByNuGa-augmented-second inversion-pianoroll-2.png">	augmented second inversion	<img src="N-ByNuGa-augmented-second inversion-keyboard-coloured-2.png">	<img src="N-ByNuGa-augmented-second inversion-pianoroll-coloured-2.png">
LyoNuJi		<img src="N-LyoNuJi-diminished-second inversion-keyboard-2.png">	<img src="N-LyoNuJi-diminished-second inversion-pianoroll-2.png">	diminished second inversion	<img src="N-LyoNuJi-diminished-second inversion-keyboard-coloured-2.png">	<img src="N-LyoNuJi-diminished-second inversion-pianoroll-coloured-2.png">
MuRaBu		<img src="M-MuRaBu-major-root-keyboard-2.png">	<img src="M-MuRaBu-major-root-pianoroll-2.png">	major root	<img src="M-MuRaBu-major-root-keyboard-coloured-2.png">	<img src="M-MuRaBu-major-root-pianoroll-coloured-2.png">
MuGiBu		<img src="M-MuGiBu-minor-root-keyboard-2.png">	<img src="M-MuGiBu-minor-root-pianoroll-2.png">	minor root	<img src="M-MuGiBu-minor-root-keyboard-coloured-2.png">	<img src="M-MuGiBu-minor-root-pianoroll-coloured-2.png">
MuRaKu		<img src="M-MuRaKu-augmented-root-keyboard-2.png">	<img src="M-MuRaKu-augmented-root-pianoroll-2.png">	augmented root	<img src="M-MuRaKu-augmented-root-keyboard-coloured-2.png">	<img src="M-MuRaKu-augmented-root-pianoroll-coloured-2.png">
MuGiPya		<img src="M-MuGiPya-diminished-root-keyboard-2.png">	<img src="M-MuGiPya-diminished-root-pianoroll-2.png">	diminished root	<img src="M-MuGiPya-diminished-root-keyboard-coloured-2.png">	<img src="M-MuGiPya-diminished-root-pianoroll-coloured-2.png">
RoByMu		<img src="M-RoByMu-major-first inversion-keyboard-2.png">	<img src="M-RoByMu-major-first inversion-pianoroll-2.png">	major first inversion	<img src="M-RoByMu-major-first inversion-keyboard-coloured-2.png">	<img src="M-RoByMu-major-first inversion-pianoroll-coloured-2.png">
GeByMu		<img src="M-GeByMu-minor-first inversion-keyboard-2.png">	<img src="M-GeByMu-minor-first inversion-pianoroll-2.png">	minor first inversion	<img src="M-GeByMu-minor-first inversion-keyboard-coloured-2.png">	<img src="M-GeByMu-minor-first inversion-pianoroll-coloured-2.png">
RoKyMu		<img src="M-RoKyMu-augmented-first inversion-keyboard-2.png">	<img src="M-RoKyMu-augmented-first inversion-pianoroll-2.png">	augmented first inversion	<img src="M-RoKyMu-augmented-first inversion-keyboard-coloured-2.png">	<img src="M-RoKyMu-augmented-first inversion-pianoroll-coloured-2.png">
GePyoMu		<img src="M-GePyoMu-diminished-first inversion-keyboard-2.png">	<img src="M-GePyoMu-diminished-first inversion-pianoroll-2.png">	diminished first inversion	<img src="M-GePyoMu-diminished-first inversion-keyboard-coloured-2.png">	<img src="M-GePyoMu-diminished-first inversion-pianoroll-coloured-2.png">
ByMuRa		<img src="M-ByMuRa-major-second inversion-keyboard-2.png">	<img src="M-ByMuRa-major-second inversion-pianoroll-2.png">	major second inversion	<img src="M-ByMuRa-major-second inversion-keyboard-coloured-2.png">	<img src="M-ByMuRa-major-second inversion-pianoroll-coloured-2.png">
ByMuGi		<img src="M-ByMuGi-minor-second inversion-keyboard-2.png">	<img src="M-ByMuGi-minor-second inversion-pianoroll-2.png">	minor second inversion	<img src="M-ByMuGi-minor-second inversion-keyboard-coloured-2.png">	<img src="M-ByMuGi-minor-second inversion-pianoroll-coloured-2.png">
KyMuRa		<img src="M-KyMuRa-augmented-second inversion-keyboard-2.png">	<img src="M-KyMuRa-augmented-second inversion-pianoroll-2.png">	augmented second inversion	<img src="M-KyMuRa-augmented-second inversion-keyboard-coloured-2.png">	<img src="M-KyMuRa-augmented-second inversion-pianoroll-coloured-2.png">
PyoMuGi		<img src="M-PyoMuGi-diminished-second inversion-keyboard-2.png">	<img src="M-PyoMuGi-diminished-second inversion-pianoroll-2.png">	diminished second inversion	<img src="M-PyoMuGi-diminished-second inversion-keyboard-coloured-2.png">	<img src="M-PyoMuGi-diminished-second inversion-pianoroll-coloured-2.png">
FuLaKu		<img src="F-FuLaKu-major-root-keyboard-2.png">	<img src="F-FuLaKu-major-root-pianoroll-2.png">	major root	<img src="F-FuLaKu-major-root-keyboard-coloured-2.png">	<img src="F-FuLaKu-major-root-pianoroll-coloured-2.png">
FuRiKu		<img src="F-FuRiKu-minor-root-keyboard-2.png">	<img src="F-FuRiKu-minor-root-pianoroll-2.png">	minor root	<img src="F-FuRiKu-minor-root-keyboard-coloured-2.png">	<img src="F-FuRiKu-minor-root-pianoroll-coloured-2.png">
FuLaTu		<img src="F-FuLaTu-augmented-root-keyboard-2.png">	<img src="F-FuLaTu-augmented-root-pianoroll-2.png">	augmented root	<img src="F-FuLaTu-augmented-root-keyboard-coloured-2.png">	<img src="F-FuLaTu-augmented-root-pianoroll-coloured-2.png">
FuRiBya		<img src="F-FuRiBya-diminished-root-keyboard-2.png">	<img src="F-FuRiBya-diminished-root-pianoroll-2.png">	diminished root	<img src="F-FuRiBya-diminished-root-keyboard-coloured-2.png">	<img src="F-FuRiBya-diminished-root-pianoroll-coloured-2.png">
LoKyFu		<img src="F-LoKyFu-major-first inversion-keyboard-2.png">	<img src="F-LoKyFu-major-first inversion-pianoroll-2.png">	major first inversion	<img src="F-LoKyFu-major-first inversion-keyboard-coloured-2.png">	<img src="F-LoKyFu-major-first inversion-pianoroll-coloured-2.png">
ReKyFu		<img src="F-ReKyFu-minor-first inversion-keyboard-2.png">	<img src="F-ReKyFu-minor-first inversion-pianoroll-2.png">	minor first inversion	<img src="F-ReKyFu-minor-first inversion-keyboard-coloured-2.png">	<img src="F-ReKyFu-minor-first inversion-pianoroll-coloured-2.png">
LoTyFu		<img src="F-LoTyFu-augmented-first inversion-keyboard-2.png">	<img src="F-LoTyFu-augmented-first inversion-pianoroll-2.png">	augmented first inversion	<img src="F-LoTyFu-augmented-first inversion-keyboard-coloured-2.png">	<img src="F-LoTyFu-augmented-first inversion-pianoroll-coloured-2.png">
ReByoFu		<img src="F-ReByoFu-diminished-first inversion-keyboard-2.png">	<img src="F-ReByoFu-diminished-first inversion-pianoroll-2.png">	diminished first inversion	<img src="F-ReByoFu-diminished-first inversion-keyboard-coloured-2.png">	<img src="F-ReByoFu-diminished-first inversion-pianoroll-coloured-2.png">
KyFuLa		<img src="F-KyFuLa-major-second inversion-keyboard-2.png">	<img src="F-KyFuLa-major-second inversion-pianoroll-2.png">	major second inversion	<img src="F-KyFuLa-major-second inversion-keyboard-coloured-2.png">	<img src="F-KyFuLa-major-second inversion-pianoroll-coloured-2.png">
KyFuRi		<img src="F-KyFuRi-minor-second inversion-keyboard-2.png">	<img src="F-KyFuRi-minor-second inversion-pianoroll-2.png">	minor second inversion	<img src="F-KyFuRi-minor-second inversion-keyboard-coloured-2.png">	<img src="F-KyFuRi-minor-second inversion-pianoroll-coloured-2.png">
TyFuLa		<img src="F-TyFuLa-augmented-second inversion-keyboard-2.png">	<img src="F-TyFuLa-augmented-second inversion-pianoroll-2.png">	augmented second inversion	<img src="F-TyFuLa-augmented-second inversion-keyboard-coloured-2.png">	<img src="F-TyFuLa-augmented-second inversion-pianoroll-coloured-2.png">
ByoFuRi		<img src="F-ByoFuRi-diminished-second inversion-keyboard-2.png">	<img src="F-ByoFuRi-diminished-second inversion-pianoroll-2.png">	diminished second inversion	<img src="F-ByoFuRi-diminished-second inversion-keyboard-coloured-2.png">	<img src="F-ByoFuRi-diminished-second inversion-pianoroll-coloured-2.png">
JuPaTu		<img src="J-JuPaTu-major-root-keyboard-2.png">	<img src="J-JuPaTu-major-root-pianoroll-2.png">	major root	<img src="J-JuPaTu-major-root-keyboard-coloured-2.png">	<img src="J-JuPaTu-major-root-pianoroll-coloured-2.png">
JuLiTu		<img src="J-JuLiTu-minor-root-keyboard-2.png">	<img src="J-JuLiTu-minor-root-pianoroll-2.png">	minor root	<img src="J-JuLiTu-minor-root-keyboard-coloured-2.png">	<img src="J-JuLiTu-minor-root-pianoroll-coloured-2.png">
JuPaDu		<img src="J-JuPaDu-augmented-root-keyboard-2.png">	<img src="J-JuPaDu-augmented-root-pianoroll-2.png">	augmented root	<img src="J-JuPaDu-augmented-root-keyboard-coloured-2.png">	<img src="J-JuPaDu-augmented-root-pianoroll-coloured-2.png">
JuLiKya		<img src="J-JuLiKya-diminished-root-keyboard-2.png">	<img src="J-JuLiKya-diminished-root-pianoroll-2.png">	diminished root	<img src="J-JuLiKya-diminished-root-keyboard-coloured-2.png">	<img src="J-JuLiKya-diminished-root-pianoroll-coloured-2.png">
PoTyJu	Потыкал Жука	<img src="J-PoTyJu-major-first inversion-keyboard-2.png">	<img src="J-PoTyJu-major-first inversion-pianoroll-2.png">	major first inversion	<img src="J-PoTyJu-major-first inversion-keyboard-coloured-2.png">	<img src="J-PoTyJu-major-first inversion-pianoroll-coloured-2.png">
LeTyJu		<img src="J-LeTyJu-minor-first inversion-keyboard-2.png">	<img src="J-LeTyJu-minor-first inversion-pianoroll-2.png">	minor first inversion	<img src="J-LeTyJu-minor-first inversion-keyboard-coloured-2.png">	<img src="J-LeTyJu-minor-first inversion-pianoroll-coloured-2.png">
PoDyJu		<img src="J-PoDyJu-augmented-first inversion-keyboard-2.png">	<img src="J-PoDyJu-augmented-first inversion-pianoroll-2.png">	augmented first inversion	<img src="J-PoDyJu-augmented-first inversion-keyboard-coloured-2.png">	<img src="J-PoDyJu-augmented-first inversion-pianoroll-coloured-2.png">
LeKyoJu		<img src="J-LeKyoJu-diminished-first inversion-keyboard-2.png">	<img src="J-LeKyoJu-diminished-first inversion-pianoroll-2.png">	diminished first inversion	<img src="J-LeKyoJu-diminished-first inversion-keyboard-coloured-2.png">	<img src="J-LeKyoJu-diminished-first inversion-pianoroll-coloured-2.png">
TyJuPa		<img src="J-TyJuPa-major-second inversion-keyboard-2.png">	<img src="J-TyJuPa-major-second inversion-pianoroll-2.png">	major second inversion	<img src="J-TyJuPa-major-second inversion-keyboard-coloured-2.png">	<img src="J-TyJuPa-major-second inversion-pianoroll-coloured-2.png">
TyJuLi		<img src="J-TyJuLi-minor-second inversion-keyboard-2.png">	<img src="J-TyJuLi-minor-second inversion-pianoroll-2.png">	minor second inversion	<img src="J-TyJuLi-minor-second inversion-keyboard-coloured-2.png">	<img src="J-TyJuLi-minor-second inversion-pianoroll-coloured-2.png">
DyJuPa		<img src="J-DyJuPa-augmented-second inversion-keyboard-2.png">	<img src="J-DyJuPa-augmented-second inversion-pianoroll-2.png">	augmented second inversion	<img src="J-DyJuPa-augmented-second inversion-keyboard-coloured-2.png">	<img src="J-DyJuPa-augmented-second inversion-pianoroll-coloured-2.png">
KyoJuLi		<img src="J-KyoJuLi-diminished-second inversion-keyboard-2.png">	<img src="J-KyoJuLi-diminished-second inversion-pianoroll-2.png">	diminished second inversion	<img src="J-KyoJuLi-diminished-second inversion-keyboard-coloured-2.png">	<img src="J-KyoJuLi-diminished-second inversion-pianoroll-coloured-2.png">
GuBaDu		<img src="G-GuBaDu-major-root-keyboard-2.png">	<img src="G-GuBaDu-major-root-pianoroll-2.png">	major root	<img src="G-GuBaDu-major-root-keyboard-coloured-2.png">	<img src="G-GuBaDu-major-root-pianoroll-coloured-2.png">
GuPiDu		<img src="G-GuPiDu-minor-root-keyboard-2.png">	<img src="G-GuPiDu-minor-root-pianoroll-2.png">	minor root	<img src="G-GuPiDu-minor-root-keyboard-coloured-2.png">	<img src="G-GuPiDu-minor-root-pianoroll-coloured-2.png">
GuBaNu		<img src="G-GuBaNu-augmented-root-keyboard-2.png">	<img src="G-GuBaNu-augmented-root-pianoroll-2.png">	augmented root	<img src="G-GuBaNu-augmented-root-keyboard-coloured-2.png">	<img src="G-GuBaNu-augmented-root-pianoroll-coloured-2.png">
GuPiTya		<img src="G-GuPiTya-diminished-root-keyboard-2.png">	<img src="G-GuPiTya-diminished-root-pianoroll-2.png">	diminished root	<img src="G-GuPiTya-diminished-root-keyboard-coloured-2.png">	<img src="G-GuPiTya-diminished-root-pianoroll-coloured-2.png">
BoDyGu		<img src="G-BoDyGu-major-first inversion-keyboard-2.png">	<img src="G-BoDyGu-major-first inversion-pianoroll-2.png">	major first inversion	<img src="G-BoDyGu-major-first inversion-keyboard-coloured-2.png">	<img src="G-BoDyGu-major-first inversion-pianoroll-coloured-2.png">
PeDyGu		<img src="G-PeDyGu-minor-first inversion-keyboard-2.png">	<img src="G-PeDyGu-minor-first inversion-pianoroll-2.png">	minor first inversion	<img src="G-PeDyGu-minor-first inversion-keyboard-coloured-2.png">	<img src="G-PeDyGu-minor-first inversion-pianoroll-coloured-2.png">
BoNyGu		<img src="G-BoNyGu-augmented-first inversion-keyboard-2.png">	<img src="G-BoNyGu-augmented-first inversion-pianoroll-2.png">	augmented first inversion	<img src="G-BoNyGu-augmented-first inversion-keyboard-coloured-2.png">	<img src="G-BoNyGu-augmented-first inversion-pianoroll-coloured-2.png">
PeTyoGu		<img src="G-PeTyoGu-diminished-first inversion-keyboard-2.png">	<img src="G-PeTyoGu-diminished-first inversion-pianoroll-2.png">	diminished first inversion	<img src="G-PeTyoGu-diminished-first inversion-keyboard-coloured-2.png">	<img src="G-PeTyoGu-diminished-first inversion-pianoroll-coloured-2.png">
DyGuBa		<img src="G-DyGuBa-major-second inversion-keyboard-2.png">	<img src="G-DyGuBa-major-second inversion-pianoroll-2.png">	major second inversion	<img src="G-DyGuBa-major-second inversion-keyboard-coloured-2.png">	<img src="G-DyGuBa-major-second inversion-pianoroll-coloured-2.png">
DyGuPi		<img src="G-DyGuPi-minor-second inversion-keyboard-2.png">	<img src="G-DyGuPi-minor-second inversion-pianoroll-2.png">	minor second inversion	<img src="G-DyGuPi-minor-second inversion-keyboard-coloured-2.png">	<img src="G-DyGuPi-minor-second inversion-pianoroll-coloured-2.png">
NyGuBa		<img src="G-NyGuBa-augmented-second inversion-keyboard-2.png">	<img src="G-NyGuBa-augmented-second inversion-pianoroll-2.png">	augmented second inversion	<img src="G-NyGuBa-augmented-second inversion-keyboard-coloured-2.png">	<img src="G-NyGuBa-augmented-second inversion-pianoroll-coloured-2.png">
TyoGuPi		<img src="G-TyoGuPi-diminished-second inversion-keyboard-2.png">	<img src="G-TyoGuPi-diminished-second inversion-pianoroll-2.png">	diminished second inversion	<img src="G-TyoGuPi-diminished-second inversion-keyboard-coloured-2.png">	<img src="G-TyoGuPi-diminished-second inversion-pianoroll-coloured-2.png">
RuKaNu		<img src="R-RuKaNu-major-root-keyboard-2.png">	<img src="R-RuKaNu-major-root-pianoroll-2.png">	major root	<img src="R-RuKaNu-major-root-keyboard-coloured-2.png">	<img src="R-RuKaNu-major-root-pianoroll-coloured-2.png">
RuBiNu		<img src="R-RuBiNu-minor-root-keyboard-2.png">	<img src="R-RuBiNu-minor-root-pianoroll-2.png">	minor root	<img src="R-RuBiNu-minor-root-keyboard-coloured-2.png">	<img src="R-RuBiNu-minor-root-pianoroll-coloured-2.png">
RuKaMu		<img src="R-RuKaMu-augmented-root-keyboard-2.png">	<img src="R-RuKaMu-augmented-root-pianoroll-2.png">	augmented root	<img src="R-RuKaMu-augmented-root-keyboard-coloured-2.png">	<img src="R-RuKaMu-augmented-root-pianoroll-coloured-2.png">
RuBiDya		<img src="R-RuBiDya-diminished-root-keyboard-2.png">	<img src="R-RuBiDya-diminished-root-pianoroll-2.png">	diminished root	<img src="R-RuBiDya-diminished-root-keyboard-coloured-2.png">	<img src="R-RuBiDya-diminished-root-pianoroll-coloured-2.png">
KoNyRu	Собачью КоныРу	<img src="R-KoNyRu-major-first inversion-keyboard-2.png">	<img src="R-KoNyRu-major-first inversion-pianoroll-2.png">	major first inversion	<img src="R-KoNyRu-major-first inversion-keyboard-coloured-2.png">	<img src="R-KoNyRu-major-first inversion-pianoroll-coloured-2.png">
BeNyRu		<img src="R-BeNyRu-minor-first inversion-keyboard-2.png">	<img src="R-BeNyRu-minor-first inversion-pianoroll-2.png">	minor first inversion	<img src="R-BeNyRu-minor-first inversion-keyboard-coloured-2.png">	<img src="R-BeNyRu-minor-first inversion-pianoroll-coloured-2.png">
KoMyRu		<img src="R-KoMyRu-augmented-first inversion-keyboard-2.png">	<img src="R-KoMyRu-augmented-first inversion-pianoroll-2.png">	augmented first inversion	<img src="R-KoMyRu-augmented-first inversion-keyboard-coloured-2.png">	<img src="R-KoMyRu-augmented-first inversion-pianoroll-coloured-2.png">
BeDyoRu		<img src="R-BeDyoRu-diminished-first inversion-keyboard-2.png">	<img src="R-BeDyoRu-diminished-first inversion-pianoroll-2.png">	diminished first inversion	<img src="R-BeDyoRu-diminished-first inversion-keyboard-coloured-2.png">	<img src="R-BeDyoRu-diminished-first inversion-pianoroll-coloured-2.png">
NyRuKa		<img src="R-NyRuKa-major-second inversion-keyboard-2.png">	<img src="R-NyRuKa-major-second inversion-pianoroll-2.png">	major second inversion	<img src="R-NyRuKa-major-second inversion-keyboard-coloured-2.png">	<img src="R-NyRuKa-major-second inversion-pianoroll-coloured-2.png">
NyRuBi		<img src="R-NyRuBi-minor-second inversion-keyboard-2.png">	<img src="R-NyRuBi-minor-second inversion-pianoroll-2.png">	minor second inversion	<img src="R-NyRuBi-minor-second inversion-keyboard-coloured-2.png">	<img src="R-NyRuBi-minor-second inversion-pianoroll-coloured-2.png">
MyRuKa		<img src="R-MyRuKa-augmented-second inversion-keyboard-2.png">	<img src="R-MyRuKa-augmented-second inversion-pianoroll-2.png">	augmented second inversion	<img src="R-MyRuKa-augmented-second inversion-keyboard-coloured-2.png">	<img src="R-MyRuKa-augmented-second inversion-pianoroll-coloured-2.png">
DyoRuBi		<img src="R-DyoRuBi-diminished-second inversion-keyboard-2.png">	<img src="R-DyoRuBi-diminished-second inversion-pianoroll-2.png">	diminished second inversion	<img src="R-DyoRuBi-diminished-second inversion-keyboard-coloured-2.png">	<img src="R-DyoRuBi-diminished-second inversion-pianoroll-coloured-2.png">
LuTaMu		<img src="L-LuTaMu-major-root-keyboard-2.png">	<img src="L-LuTaMu-major-root-pianoroll-2.png">	major root	<img src="L-LuTaMu-major-root-keyboard-coloured-2.png">	<img src="L-LuTaMu-major-root-pianoroll-coloured-2.png">
LuKiMu		<img src="L-LuKiMu-minor-root-keyboard-2.png">	<img src="L-LuKiMu-minor-root-pianoroll-2.png">	minor root	<img src="L-LuKiMu-minor-root-keyboard-coloured-2.png">	<img src="L-LuKiMu-minor-root-pianoroll-coloured-2.png">
LuTaFu		<img src="L-LuTaFu-augmented-root-keyboard-2.png">	<img src="L-LuTaFu-augmented-root-pianoroll-2.png">	augmented root	<img src="L-LuTaFu-augmented-root-keyboard-coloured-2.png">	<img src="L-LuTaFu-augmented-root-pianoroll-coloured-2.png">
LuKiNya		<img src="L-LuKiNya-diminished-root-keyboard-2.png">	<img src="L-LuKiNya-diminished-root-pianoroll-2.png">	diminished root	<img src="L-LuKiNya-diminished-root-keyboard-coloured-2.png">	<img src="L-LuKiNya-diminished-root-pianoroll-coloured-2.png">
ToMyLu		<img src="L-ToMyLu-major-first inversion-keyboard-2.png">	<img src="L-ToMyLu-major-first inversion-pianoroll-2.png">	major first inversion	<img src="L-ToMyLu-major-first inversion-keyboard-coloured-2.png">	<img src="L-ToMyLu-major-first inversion-pianoroll-coloured-2.png">
KeMyLu		<img src="L-KeMyLu-minor-first inversion-keyboard-2.png">	<img src="L-KeMyLu-minor-first inversion-pianoroll-2.png">	minor first inversion	<img src="L-KeMyLu-minor-first inversion-keyboard-coloured-2.png">	<img src="L-KeMyLu-minor-first inversion-pianoroll-coloured-2.png">
ToFyLu		<img src="L-ToFyLu-augmented-first inversion-keyboard-2.png">	<img src="L-ToFyLu-augmented-first inversion-pianoroll-2.png">	augmented first inversion	<img src="L-ToFyLu-augmented-first inversion-keyboard-coloured-2.png">	<img src="L-ToFyLu-augmented-first inversion-pianoroll-coloured-2.png">
KeNyoLu		<img src="L-KeNyoLu-diminished-first inversion-keyboard-2.png">	<img src="L-KeNyoLu-diminished-first inversion-pianoroll-2.png">	diminished first inversion	<img src="L-KeNyoLu-diminished-first inversion-keyboard-coloured-2.png">	<img src="L-KeNyoLu-diminished-first inversion-pianoroll-coloured-2.png">
MyLuTa		<img src="L-MyLuTa-major-second inversion-keyboard-2.png">	<img src="L-MyLuTa-major-second inversion-pianoroll-2.png">	major second inversion	<img src="L-MyLuTa-major-second inversion-keyboard-coloured-2.png">	<img src="L-MyLuTa-major-second inversion-pianoroll-coloured-2.png">
MyLuKi		<img src="L-MyLuKi-minor-second inversion-keyboard-2.png">	<img src="L-MyLuKi-minor-second inversion-pianoroll-2.png">	minor second inversion	<img src="L-MyLuKi-minor-second inversion-keyboard-coloured-2.png">	<img src="L-MyLuKi-minor-second inversion-pianoroll-coloured-2.png">
FyLuTa		<img src="L-FyLuTa-augmented-second inversion-keyboard-2.png">	<img src="L-FyLuTa-augmented-second inversion-pianoroll-2.png">	augmented second inversion	<img src="L-FyLuTa-augmented-second inversion-keyboard-coloured-2.png">	<img src="L-FyLuTa-augmented-second inversion-pianoroll-coloured-2.png">
NyoLuKi		<img src="L-NyoLuKi-diminished-second inversion-keyboard-2.png">	<img src="L-NyoLuKi-diminished-second inversion-pianoroll-2.png">	diminished second inversion	<img src="L-NyoLuKi-diminished-second inversion-keyboard-coloured-2.png">	<img src="L-NyoLuKi-diminished-second inversion-pianoroll-coloured-2.png">
PuDaFu		<img src="P-PuDaFu-major-root-keyboard-2.png">	<img src="P-PuDaFu-major-root-pianoroll-2.png">	major root	<img src="P-PuDaFu-major-root-keyboard-coloured-2.png">	<img src="P-PuDaFu-major-root-pianoroll-coloured-2.png">
PuTiFu		<img src="P-PuTiFu-minor-root-keyboard-2.png">	<img src="P-PuTiFu-minor-root-pianoroll-2.png">	minor root	<img src="P-PuTiFu-minor-root-keyboard-coloured-2.png">	<img src="P-PuTiFu-minor-root-pianoroll-coloured-2.png">
PuDaJu		<img src="P-PuDaJu-augmented-root-keyboard-2.png">	<img src="P-PuDaJu-augmented-root-pianoroll-2.png">	augmented root	<img src="P-PuDaJu-augmented-root-keyboard-coloured-2.png">	<img src="P-PuDaJu-augmented-root-pianoroll-coloured-2.png">
PuTiMya		<img src="P-PuTiMya-diminished-root-keyboard-2.png">	<img src="P-PuTiMya-diminished-root-pianoroll-2.png">	diminished root	<img src="P-PuTiMya-diminished-root-keyboard-coloured-2.png">	<img src="P-PuTiMya-diminished-root-pianoroll-coloured-2.png">
DoFyPu		<img src="P-DoFyPu-major-first inversion-keyboard-2.png">	<img src="P-DoFyPu-major-first inversion-pianoroll-2.png">	major first inversion	<img src="P-DoFyPu-major-first inversion-keyboard-coloured-2.png">	<img src="P-DoFyPu-major-first inversion-pianoroll-coloured-2.png">
TeFyPu		<img src="P-TeFyPu-minor-first inversion-keyboard-2.png">	<img src="P-TeFyPu-minor-first inversion-pianoroll-2.png">	minor first inversion	<img src="P-TeFyPu-minor-first inversion-keyboard-coloured-2.png">	<img src="P-TeFyPu-minor-first inversion-pianoroll-coloured-2.png">
DoJyPu		<img src="P-DoJyPu-augmented-first inversion-keyboard-2.png">	<img src="P-DoJyPu-augmented-first inversion-pianoroll-2.png">	augmented first inversion	<img src="P-DoJyPu-augmented-first inversion-keyboard-coloured-2.png">	<img src="P-DoJyPu-augmented-first inversion-pianoroll-coloured-2.png">
TeMyoPu		<img src="P-TeMyoPu-diminished-first inversion-keyboard-2.png">	<img src="P-TeMyoPu-diminished-first inversion-pianoroll-2.png">	diminished first inversion	<img src="P-TeMyoPu-diminished-first inversion-keyboard-coloured-2.png">	<img src="P-TeMyoPu-diminished-first inversion-pianoroll-coloured-2.png">
FyPuDa		<img src="P-FyPuDa-major-second inversion-keyboard-2.png">	<img src="P-FyPuDa-major-second inversion-pianoroll-2.png">	major second inversion	<img src="P-FyPuDa-major-second inversion-keyboard-coloured-2.png">	<img src="P-FyPuDa-major-second inversion-pianoroll-coloured-2.png">
FyPuTi		<img src="P-FyPuTi-minor-second inversion-keyboard-2.png">	<img src="P-FyPuTi-minor-second inversion-pianoroll-2.png">	minor second inversion	<img src="P-FyPuTi-minor-second inversion-keyboard-coloured-2.png">	<img src="P-FyPuTi-minor-second inversion-pianoroll-coloured-2.png">
JyPuDa		<img src="P-JyPuDa-augmented-second inversion-keyboard-2.png">	<img src="P-JyPuDa-augmented-second inversion-pianoroll-2.png">	augmented second inversion	<img src="P-JyPuDa-augmented-second inversion-keyboard-coloured-2.png">	<img src="P-JyPuDa-augmented-second inversion-pianoroll-coloured-2.png">
MyoPuTi		<img src="P-MyoPuTi-diminished-second inversion-keyboard-2.png">	<img src="P-MyoPuTi-diminished-second inversion-pianoroll-2.png">	diminished second inversion	<img src="P-MyoPuTi-diminished-second inversion-keyboard-coloured-2.png">	<img src="P-MyoPuTi-diminished-second inversion-pianoroll-coloured-2.png">
BuNaJu		<img src="B-BuNaJu-major-root-keyboard-2.png">	<img src="B-BuNaJu-major-root-pianoroll-2.png">	major root	<img src="B-BuNaJu-major-root-keyboard-coloured-2.png">	<img src="B-BuNaJu-major-root-pianoroll-coloured-2.png">
BuDiJu		<img src="B-BuDiJu-minor-root-keyboard-2.png">	<img src="B-BuDiJu-minor-root-pianoroll-2.png">	minor root	<img src="B-BuDiJu-minor-root-keyboard-coloured-2.png">	<img src="B-BuDiJu-minor-root-pianoroll-coloured-2.png">
BuNaGu		<img src="B-BuNaGu-augmented-root-keyboard-2.png">	<img src="B-BuNaGu-augmented-root-pianoroll-2.png">	augmented root	<img src="B-BuNaGu-augmented-root-keyboard-coloured-2.png">	<img src="B-BuNaGu-augmented-root-pianoroll-coloured-2.png">
BuDiFya		<img src="B-BuDiFya-diminished-root-keyboard-2.png">	<img src="B-BuDiFya-diminished-root-pianoroll-2.png">	diminished root	<img src="B-BuDiFya-diminished-root-keyboard-coloured-2.png">	<img src="B-BuDiFya-diminished-root-pianoroll-coloured-2.png">
NoJyBu		<img src="B-NoJyBu-major-first inversion-keyboard-2.png">	<img src="B-NoJyBu-major-first inversion-pianoroll-2.png">	major first inversion	<img src="B-NoJyBu-major-first inversion-keyboard-coloured-2.png">	<img src="B-NoJyBu-major-first inversion-pianoroll-coloured-2.png">
DeJyBu		<img src="B-DeJyBu-minor-first inversion-keyboard-2.png">	<img src="B-DeJyBu-minor-first inversion-pianoroll-2.png">	minor first inversion	<img src="B-DeJyBu-minor-first inversion-keyboard-coloured-2.png">	<img src="B-DeJyBu-minor-first inversion-pianoroll-coloured-2.png">
NoGyBu		<img src="B-NoGyBu-augmented-first inversion-keyboard-2.png">	<img src="B-NoGyBu-augmented-first inversion-pianoroll-2.png">	augmented first inversion	<img src="B-NoGyBu-augmented-first inversion-keyboard-coloured-2.png">	<img src="B-NoGyBu-augmented-first inversion-pianoroll-coloured-2.png">
DeFyoBu		<img src="B-DeFyoBu-diminished-first inversion-keyboard-2.png">	<img src="B-DeFyoBu-diminished-first inversion-pianoroll-2.png">	diminished first inversion	<img src="B-DeFyoBu-diminished-first inversion-keyboard-coloured-2.png">	<img src="B-DeFyoBu-diminished-first inversion-pianoroll-coloured-2.png">
JyBuNa		<img src="B-JyBuNa-major-second inversion-keyboard-2.png">	<img src="B-JyBuNa-major-second inversion-pianoroll-2.png">	major second inversion	<img src="B-JyBuNa-major-second inversion-keyboard-coloured-2.png">	<img src="B-JyBuNa-major-second inversion-pianoroll-coloured-2.png">
JyBuDi		<img src="B-JyBuDi-minor-second inversion-keyboard-2.png">	<img src="B-JyBuDi-minor-second inversion-pianoroll-2.png">	minor second inversion	<img src="B-JyBuDi-minor-second inversion-keyboard-coloured-2.png">	<img src="B-JyBuDi-minor-second inversion-pianoroll-coloured-2.png">
GyBuNa		<img src="B-GyBuNa-augmented-second inversion-keyboard-2.png">	<img src="B-GyBuNa-augmented-second inversion-pianoroll-2.png">	augmented second inversion	<img src="B-GyBuNa-augmented-second inversion-keyboard-coloured-2.png">	<img src="B-GyBuNa-augmented-second inversion-pianoroll-coloured-2.png">
FyoBuDi		<img src="B-FyoBuDi-diminished-second inversion-keyboard-2.png">	<img src="B-FyoBuDi-diminished-second inversion-pianoroll-2.png">	diminished second inversion	<img src="B-FyoBuDi-diminished-second inversion-keyboard-coloured-2.png">	<img src="B-FyoBuDi-diminished-second inversion-pianoroll-coloured-2.png">
